\N,"KY0000Ns00g00000","3886",\N,\N,\N,\N,"with cross-border linkages","com.ibm.coast.NegativeOpinion","with cross-border linkages","28","54",\N
\N,"KY000cPs00g00000","3886",\N,\N,\N,\N,"the illegal activity","com.ibm.coast.NegativeOpinion","the illegal activity","246","266",\N
\N,"KY0008:s00g00000","3886",\N,\N,\N,\N,"illegal wildlife markets","com.ibm.coast.NegativeOpinion","illegal wildlife markets","1795","1819",\N
\N,"KY000M8t00g00000","3886",\N,\N,\N,\N,"lack of adequate funds","com.ibm.coast.NegativeOpinion","lack of adequate funds","3019","3041",\N
\N,"KY000AOs00g00000","3886",\N,\N,\N,"Prime Minister Manmohan Singh",\N,"com.ibm.coast.PositiveOpinion","Prime Minister Manmohan Singh","102","131",\N
\N,"KY000QPs00g00000","3886",\N,\N,\N,"fair",\N,"com.ibm.coast.PositiveOpinion","fair","333","337",\N
\N,"KY000M:s00g00000","3886",\N,\N,\N,"The Prime Minister",\N,"com.ibm.coast.PositiveOpinion","The Prime Minister","1995","2013",\N
\N,"KY000w2t00g00000","3886",\N,\N,\N,"Proper utilization of natural resources",\N,"com.ibm.coast.PositiveOpinion","Proper utilization of natural resources","2488","2527",\N
\N,"KY00044t00g00000","3886",\N,\N,\N,"supporting socio-economic development",\N,"com.ibm.coast.PositiveOpinion","supporting socio-economic development","2610","2647",\N
\N,"KY000I4t00g00000","3886",\N,\N,\N,"economic development of forest",\N,"com.ibm.coast.PositiveOpinion","economic development of forest","2627","2657",\N
\N,"KY000c7t00g00000","3886",\N,\N,\N,"fair relocation of villages",\N,"com.ibm.coast.PositiveOpinion","fair relocation of villages","2903","2930",\N
\N,"KY00088t00g00000","3886",\N,\N,\N,"the Prime Minister",\N,"com.ibm.coast.PositiveOpinion","the Prime Minister","2986","3004",\N
\N,"KY000Qct00g00000","3886",\N,\N,\N,"ensure better",\N,"com.ibm.coast.PositiveOpinion","ensure better","3626","3639",\N
\N,"KY000oet00g00000","3886",\N,\N,\N,"I am happy",\N,"com.ibm.coast.PositiveOpinion","I am happy","3771","3781",\N
\N,"ud000o6700g00000","862",\N,\N,\N,\N,"a broken ankle","com.ibm.coast.NegativeOpinion","a broken ankle","152","166",\N
\N,"ud000U8700g00000","862",\N,\N,\N,\N,"suffered","com.ibm.coast.NegativeOpinion","suffered","729","737",\N
\N,"ud000c9700g00000","862",\N,\N,\N,\N,"a severe ankle fracture","com.ibm.coast.NegativeOpinion","a severe ankle fracture","738","761",\N
\N,"ro100cXI00g00000","5659",\N,\N,\N,\N,"lost their lives","com.ibm.coast.NegativeOpinion","lost their lives","569","585",\N
\N,"ro1004ZI00g00000","5659",\N,\N,\N,\N,"it is wrong","com.ibm.coast.NegativeOpinion","it is wrong","1081","1092",\N
\N,"ro100k:I00g00000","5659",\N,\N,\N,\N,"an accident with a loss","com.ibm.coast.NegativeOpinion","an accident with a loss","1555","1578",\N
\N,"ro100E:I00g00000","5659",\N,\N,\N,\N,"a loss of lives","com.ibm.coast.NegativeOpinion","a loss of lives","1572","1587",\N
\N,"ro100w0J00g00000","5659",\N,\N,\N,\N,"the same mistake was again","com.ibm.coast.NegativeOpinion","the same mistake was again","2000","2026",\N
\N,"ro10003J00g00000","5659",\N,\N,\N,\N,"lost their lives","com.ibm.coast.NegativeOpinion","lost their lives","2260","2276",\N
\N,"ro100k8J00g00000","5659",\N,\N,\N,\N,"are lost","com.ibm.coast.NegativeOpinion","are lost","3328","3336",\N
\N,"ro100E8J00g00000","5659",\N,\N,\N,\N,"a result of lack","com.ibm.coast.NegativeOpinion","a result of lack","3340","3356",\N
\N,"ro100Y8J00g00000","5659",\N,\N,\N,\N,"lack of consistency","com.ibm.coast.NegativeOpinion","lack of consistency","3352","3371",\N
\N,"ro100AeJ00g00000","5659",\N,\N,\N,\N,"desperately","com.ibm.coast.NegativeOpinion","desperately","4375","4386",\N
\N,"ro100I7J00g00000","5659",\N,\N,\N,"best practices",\N,"com.ibm.coast.PositiveOpinion","best practices","3286","3300",\N
\N,"ro100kiJ00g00000","5659",\N,\N,\N,"had recommended the following",\N,"com.ibm.coast.PositiveOpinion","had recommended the following","4986","5015",\N
\N,"ur000kye00g00000","1758",\N,\N,\N,\N,"slender lorises","com.ibm.coast.NegativeOpinion","slender lorises","148","163",\N
\N,"ur000YDe00g00000","1758",\N,\N,\N,\N,"The slender loris","com.ibm.coast.NegativeOpinion","The slender loris","1090","1107",\N
\N,"ur000AEe00g00000","1758",\N,\N,\N,\N,"fear","com.ibm.coast.NegativeOpinion","fear","1156","1160",\N
\N,"ur000ICe00g00000","1758",\N,\N,\N,"Popular petLorises",\N,"com.ibm.coast.PositiveOpinion","Popular petLorises","929","949",\N
\N,"ur000UEe00g00000","1758",\N,\N,\N,"have become a popular exotic pet",\N,"com.ibm.coast.PositiveOpinion","have become a popular exotic pet","1196","1228",\N
\N,"ur000cFe00g00000","1758",\N,\N,\N,"a popular exotic pet in recent years",\N,"com.ibm.coast.PositiveOpinion","a popular exotic pet in recent years","1208","1244",\N
\N,"ur000sGe00g00000","1758",\N,\N,\N,"the boom in people",\N,"com.ibm.coast.PositiveOpinion","the boom in people","1403","1421",\N
\N,"dh0008Z800g00000","1101",\N,\N,\N,\N,"counterfeit cigarettes","com.ibm.coast.NegativeOpinion","counterfeit cigarettes","38","60",\N
\N,"dh000o:800g00000","1101",\N,\N,\N,\N,"discovered the fake","com.ibm.coast.NegativeOpinion","discovered the fake","151","170",\N
\N,"dh000E;800g00000","1101",\N,\N,\N,\N,"lost revenue","com.ibm.coast.NegativeOpinion","lost revenue","287","299",\N
\N,"dh000U0900g00000","1101",\N,\N,\N,\N,"criminal investigation","com.ibm.coast.NegativeOpinion","criminal investigation","513","535",\N
\N,"dh000s2900g00000","1101",\N,\N,\N,\N,"lost revenue to public finances","com.ibm.coast.NegativeOpinion","lost revenue to public finances","746","777",\N
\N,"dh000I3900g00000","1101",\N,\N,\N,"seemed attractive",\N,"com.ibm.coast.PositiveOpinion","seemed attractive","827","844",\N
\N,"0D000Mym00g00000","2496",\N,\N,\N,\N,"numerous threatening telegrams","com.ibm.coast.NegativeOpinion","numerous threatening telegrams","356","386",\N
\N,"0D0004zm00g00000","2496",\N,\N,\N,\N,"threatened their lives","com.ibm.coast.NegativeOpinion","threatened their lives","405","427",\N
\N,"0D0000Fm00g00000","2496",\N,\N,\N,\N,"embarrass Gibb","com.ibm.coast.NegativeOpinion","embarrass Gibb","1528","1542",\N
\N,"0D000QHm00g00000","2496",\N,\N,\N,\N,"black moments of pure misery","com.ibm.coast.NegativeOpinion","black moments of pure misery","2123","2151",\N
\N,"0D000MIm00g00000","2496",\N,\N,\N,\N,"I'd go mad","com.ibm.coast.NegativeOpinion","I'd go mad","2164","2174",\N
\N,"0D000wCm00g00000","2496",\N,\N,\N,"FBI discussed the best route",\N,"com.ibm.coast.PositiveOpinion","FBI discussed the best route","1172","1200",\N
\N,"0D000QCm00g00000","2496",\N,\N,\N,"the best route to take",\N,"com.ibm.coast.PositiveOpinion","the best route to take","1186","1208",\N
\N,"0D0004Em00g00000","2496",\N,\N,\N,"not be foolish enough",\N,"com.ibm.coast.PositiveOpinion","not be foolish enough","1405","1426",\N
\N,"lw000Efh00g00000","2069",\N,\N,\N,\N,"a criminal history","com.ibm.coast.NegativeOpinion","a criminal history","749","767",\N
\N,"lw000snh00g00000","2069",\N,\N,\N,\N,"threaten our liberty","com.ibm.coast.NegativeOpinion","threaten our liberty","2046","2066",\N
\N,"lw000Ekh00g00000","2069",\N,\N,\N,"the positive side",\N,"com.ibm.coast.PositiveOpinion","the positive side","1605","1622",\N
\N,"lw000wmh00g00000","2069",\N,\N,\N,"should include the benefits",\N,"com.ibm.coast.PositiveOpinion","should include the benefits","1883","1910",\N
\N,"4r100ENL00g00000","5828",\N,\N,\N,\N,"illegally","com.ibm.coast.NegativeOpinion","illegally","35","44",\N
\N,"4r100IWL00g00000","5828",\N,\N,\N,\N,"illegally","com.ibm.coast.NegativeOpinion","illegally","1363","1372",\N
\N,"4r100gYL00g00000","5828",\N,\N,\N,\N,"illegal border traffic","com.ibm.coast.NegativeOpinion","illegal border traffic","1483","1505",\N
\N,"4r100M:L00g00000","5828",\N,\N,\N,\N,"they indicate that illegal border crossings","com.ibm.coast.NegativeOpinion","they indicate that illegal border crossings","1894","1937",\N
\N,"4r100o;L00g00000","5828",\N,\N,\N,\N,"more dangerous","com.ibm.coast.NegativeOpinion","more dangerous","1967","1981",\N
\N,"4r100o4M00g00000","5828",\N,\N,\N,\N,"take riskier routes","com.ibm.coast.NegativeOpinion","take riskier routes","2913","2932",\N
\N,"4r100I4M00g00000","5828",\N,\N,\N,\N,"riskier routes across the border","com.ibm.coast.NegativeOpinion","riskier routes across the border","2918","2950",\N
\N,"4r100Y5M00g00000","5828",\N,\N,\N,\N,"are desperate","com.ibm.coast.NegativeOpinion","are desperate","3009","3022",\N
\N,"4r100g6M00g00000","5828",\N,\N,\N,\N,"the more dangerous areas","com.ibm.coast.NegativeOpinion","the more dangerous areas","3385","3409",\N
\N,"4r100c7M00g00000","5828",\N,\N,\N,\N,"the border is inherently dangerous","com.ibm.coast.NegativeOpinion","the border is inherently dangerous","3503","3537",\N
\N,"4r100w7M00g00000","5828",\N,\N,\N,\N,"the dangerous terrain","com.ibm.coast.NegativeOpinion","the dangerous terrain","3633","3654",\N
\N,"4r100s8M00g00000","5828",\N,\N,\N,\N,"weather remain a dangerous factor","com.ibm.coast.NegativeOpinion","weather remain a dangerous factor","3672","3705",\N
\N,"4r100M8M00g00000","5828",\N,\N,\N,\N,"a dangerous factor to would-be border","com.ibm.coast.NegativeOpinion","a dangerous factor to would-be border","3687","3724",\N
\N,"4r100wcM00g00000","5828",\N,\N,\N,\N,"that migrants in crisis","com.ibm.coast.NegativeOpinion","that migrants in crisis","4128","4151",\N
\N,"4r100UgM00g00000","5828",\N,\N,\N,\N,"too","com.ibm.coast.NegativeOpinion","too","4711","4714",\N
\N,"4r1004RL00g00000","5828",\N,\N,\N,"economic motivations that prompt migrants",\N,"com.ibm.coast.PositiveOpinion","economic motivations that prompt migrants","645","686",\N
\N,"4r1000SL00g00000","5828",\N,\N,\N,"identify remains like",\N,"com.ibm.coast.PositiveOpinion","identify remains like","794","815",\N
\N,"4r100ATL00g00000","5828",\N,\N,\N,"the precise number of individuals",\N,"com.ibm.coast.PositiveOpinion","the precise number of individuals","951","984",\N
\N,"4r100sVL00g00000","5828",\N,\N,\N,"accurate picture",\N,"com.ibm.coast.PositiveOpinion","accurate picture","1125","1141",\N
\N,"4r1000fM00g00000","5828",\N,\N,\N,"We are emotionally understanding",\N,"com.ibm.coast.PositiveOpinion","We are emotionally understanding","4473","4505",\N
\N,"4r100kfM00g00000","5828",\N,\N,\N,"emotionally understanding of the plight",\N,"com.ibm.coast.PositiveOpinion","emotionally understanding of the plight","4480","4519",\N
\N,"4r100AlM00g00000","5828",\N,\N,\N,"It has been an economic",\N,"com.ibm.coast.PositiveOpinion","It has been an economic","5752","5775",\N
\N,"lK00049o00g00000","2965",\N,\N,\N,\N,"making criminal threats Monday","com.ibm.coast.NegativeOpinion","making criminal threats Monday","1313","1343",\N
\N,"lK000I9o00g00000","2965",\N,\N,\N,\N,"criminal threats Monday morning","com.ibm.coast.NegativeOpinion","criminal threats Monday morning","1320","1351",\N
\N,"lK000Ubo00g00000","2965",\N,\N,\N,\N,"saw the suspect around","com.ibm.coast.NegativeOpinion","saw the suspect around","1788","1810",\N
\N,"lK000wco00g00000","2965",\N,\N,\N,\N,"suspect","com.ibm.coast.NegativeOpinion","suspect","1904","1911",\N
\N,"lK0008io00g00000","2965",\N,\N,\N,\N,"start trouble","com.ibm.coast.NegativeOpinion","start trouble","2949","2962",\N
\N,"lK000A1o00g00000","2965",\N,\N,\N,"Beat",\N,"com.ibm.coast.PositiveOpinion","Beat","14","18",\N
\N,"lK000who00g00000","2965",\N,\N,\N,"the best place to start",\N,"com.ibm.coast.PositiveOpinion","the best place to start","2931","2954",\N
\N,"PB100wVT00g00000","6515",\N,\N,\N,\N,"caught entering the country illegally","com.ibm.coast.NegativeOpinion","caught entering the country illegally","79","116",\N
\N,"PB100QVT00g00000","6515",\N,\N,\N,\N,"the deadly summer heat","com.ibm.coast.NegativeOpinion","the deadly summer heat","120","142",\N
\N,"PB100IXT00g00000","6515",\N,\N,\N,\N,"skepticism from Mexican government","com.ibm.coast.NegativeOpinion","skepticism from Mexican government","375","409",\N
\N,"PB100gZT00g00000","6515",\N,\N,\N,\N,"increasingly difficult","com.ibm.coast.NegativeOpinion","increasingly difficult","874","896",\N
\N,"PB100g2U00g00000","6515",\N,\N,\N,\N,"criminal records","com.ibm.coast.NegativeOpinion","criminal records","1965","1981",\N
\N,"PB100Y6U00g00000","6515",\N,\N,\N,\N,"a response to complaints","com.ibm.coast.NegativeOpinion","a response to complaints","2649","2673",\N
\N,"PB100g7U00g00000","6515",\N,\N,\N,\N,"complaints from Mexican border","com.ibm.coast.NegativeOpinion","complaints from Mexican border","2663","2693",\N
\N,"PB100U7U00g00000","6515",\N,\N,\N,\N,"too","com.ibm.coast.NegativeOpinion","too","2706","2709",\N
\N,"PB1004fU00g00000","6515",\N,\N,\N,\N,"illegally","com.ibm.coast.NegativeOpinion","illegally","4692","4701",\N
\N,"PB100ofU00g00000","6515",\N,\N,\N,\N,"failing","com.ibm.coast.NegativeOpinion","failing","4745","4752",\N
\N,"PB100ciU00g00000","6515",\N,\N,\N,\N,"was dreading the two","com.ibm.coast.NegativeOpinion","was dreading the two","5185","5205",\N
\N,"PB100okU00g00000","6515",\N,\N,\N,\N,"unsuccessful","com.ibm.coast.NegativeOpinion","unsuccessful","5633","5645",\N
\N,"PB100Q:T00g00000","6515",\N,\N,\N,"effective",\N,"com.ibm.coast.PositiveOpinion","effective","1321","1330",\N
\N,"PB1008;T00g00000","6515",\N,\N,\N,"still effective",\N,"com.ibm.coast.PositiveOpinion","still effective","1335","1350",\N
\N,"PB100w3U00g00000","6515",\N,\N,\N,"a humanitarian effort in response",\N,"com.ibm.coast.PositiveOpinion","a humanitarian effort in response","2243","2276",\N
\N,"PB100kgU00g00000","6515",\N,\N,\N,"the one-way flights were effective",\N,"com.ibm.coast.PositiveOpinion","the one-way flights were effective","4904","4938",\N
\N,"Vl000oXb00g00000","1401",\N,\N,\N,\N,"have threatened rape","com.ibm.coast.NegativeOpinion","have threatened rape","342","362",\N
\N,"Vl000IXb00g00000","1401",\N,\N,\N,\N,"harm","com.ibm.coast.NegativeOpinion","harm","367","371",\N
\N,"Vl000w:b00g00000","1401",\N,\N,\N,"don't worry her body",\N,"com.ibm.coast.PositiveOpinion","don't worry her body","959","979",\N
\N,"Gt000kge00g00000","1898",\N,\N,\N,\N,"stopping illegal activity","com.ibm.coast.NegativeOpinion","stopping illegal activity","620","645",\N
\N,"Gt000Ege00g00000","1898",\N,\N,\N,\N,"illegal activity at our borders","com.ibm.coast.NegativeOpinion","illegal activity at our borders","629","660",\N
\N,"Gt0004fe00g00000","1898",\N,\N,\N,"are having a positive impact",\N,"com.ibm.coast.PositiveOpinion","are having a positive impact","556","584",\N
\N,"Gt000ofe00g00000","1898",\N,\N,\N,"a positive impact on our community",\N,"com.ibm.coast.PositiveOpinion","a positive impact on our community","567","601",\N
\N,"Hu000sqf00g00000","1963",\N,\N,\N,\N,"complaint","com.ibm.coast.NegativeOpinion","complaint","1707","1716",\N
\N,"Hu0004rf00g00000","1963",\N,\N,\N,\N,"criminal activity","com.ibm.coast.NegativeOpinion","criminal activity","1763","1780",\N
\N,"Hu000Irf00g00000","1963",\N,\N,\N,"competent evidence",\N,"com.ibm.coast.PositiveOpinion","competent evidence","1870","1888",\N
\N,"Hu0000sf00g00000","1963",\N,\N,\N,"a reasonable doubt",\N,"com.ibm.coast.PositiveOpinion","a reasonable doubt","1942","1960",\N
\N,"JJ000MWo00g00000","2925",\N,\N,\N,\N,"had an inadequate security plan","com.ibm.coast.NegativeOpinion","had an inadequate security plan","143","174",\N
\N,"JJ000I0p00g00000","2925",\N,\N,\N,\N,"security procedures were inadequate","com.ibm.coast.NegativeOpinion","security procedures were inadequate","1012","1047",\N
\N,"JJ000k1p00g00000","2925",\N,\N,\N,\N,"not wearing proper identification","com.ibm.coast.NegativeOpinion","not wearing proper identification","1116","1149",\N
\N,"JJ000c8p00g00000","2925",\N,\N,\N,\N,"found nothing wrong","com.ibm.coast.NegativeOpinion","found nothing wrong","2104","2123",\N
\N,"JJ000kYo00g00000","2925",\N,\N,\N,"a secure area Wednesday morning",\N,"com.ibm.coast.PositiveOpinion","a secure area Wednesday morning","308","339",\N
\N,"JJ000YYo00g00000","2925",\N,\N,\N,"the Andromeda Leader",\N,"com.ibm.coast.PositiveOpinion","the Andromeda Leader","375","395",\N
\N,"JJ000Q3p00g00000","2925",\N,\N,\N,"better job",\N,"com.ibm.coast.PositiveOpinion","better job","1505","1515",\N
\N,"JJ000s9p00g00000","2925",\N,\N,\N,"the secure area",\N,"com.ibm.coast.PositiveOpinion","the secure area","2283","2298",\N
\N,";m000cUd00g00000","1471",\N,\N,\N,\N,"Unfortunately","com.ibm.coast.NegativeOpinion","Unfortunately","138","151",\N
\N,";m000IWd00g00000","1471",\N,\N,\N,\N,"that Shell was dangerous","com.ibm.coast.NegativeOpinion","that Shell was dangerous","611","635",\N
\N,";m000wZd00g00000","1471",\N,\N,\N,\N,"nasty trick","com.ibm.coast.NegativeOpinion","nasty trick","1118","1129",\N
\N,";m000gTd00g00000","1471",\N,\N,\N,"the best note",\N,"com.ibm.coast.PositiveOpinion","the best note","50","63",\N
\N,"cv000gni00g00000","1996",\N,\N,\N,\N,"a bit of a shock","com.ibm.coast.NegativeOpinion","a bit of a shock","1116","1132",\N
\N,"rD000Qbh00g00000","2523",\N,\N,\N,\N,"the recommendation is difficult","com.ibm.coast.NegativeOpinion","the recommendation is difficult","1531","1562",\N
\N,"rD000k9h00g00000","2523",\N,\N,\N,"properly",\N,"com.ibm.coast.PositiveOpinion","properly","1242","1250",\N
\N,"rD000gah00g00000","2523",\N,\N,\N,"local VIPR team leaders",\N,"com.ibm.coast.PositiveOpinion","local VIPR team leaders","1340","1363",\N
\N,"It100gsP00g00000","5996",\N,\N,\N,\N,"takes these allegations","com.ibm.coast.NegativeOpinion","takes these allegations","591","614",\N
\N,"It100YLP00g00000","5996",\N,\N,\N,\N,"other natural disasters","com.ibm.coast.NegativeOpinion","other natural disasters","5100","5123",\N
\N,"It100cyP00g00000","5996",\N,\N,\N,"did not fear the idea",\N,"com.ibm.coast.PositiveOpinion","did not fear the idea","1827","1848",\N
\N,"gY100cF;00g00000","7952",\N,\N,\N,\N,"international breaking news","com.ibm.coast.NegativeOpinion","international breaking news","347","374",\N
\N,"gY100QP;00g00000","7952",\N,\N,\N,\N,"fear","com.ibm.coast.NegativeOpinion","fear","2370","2374",\N
\N,"gY100YS;00g00000","7952",\N,\N,\N,\N,"troubling","com.ibm.coast.NegativeOpinion","troubling","2744","2753",\N
\N,"gY100s8010g00000","7952",\N,\N,\N,\N,"aggressive measures to cut","com.ibm.coast.NegativeOpinion","aggressive measures to cut","6314","6340",\N
\N,"gY100YD;00g00000","7952",\N,\N,\N,"the latest innovation in the decades",\N,"com.ibm.coast.PositiveOpinion","the latest innovation in the decades","220","256",\N
\N,"gY100IM;00g00000","7952",\N,\N,\N,"submarine capable",\N,"com.ibm.coast.PositiveOpinion","submarine capable","1652","1669",\N
\N,"gY100UO;00g00000","7952",\N,\N,\N,"captured were capable",\N,"com.ibm.coast.PositiveOpinion","captured were capable","2090","2111",\N
\N,"gY100MQ;00g00000","7952",\N,\N,\N,"the high-powered fishing",\N,"com.ibm.coast.PositiveOpinion","the high-powered fishing","2448","2472",\N
\N,"gY100g1010g00000","7952",\N,\N,\N,"the Super Bowl",\N,"com.ibm.coast.PositiveOpinion","the Super Bowl","4928","4942",\N
\N,"gY10088010g00000","7952",\N,\N,\N,"is trying innovative",\N,"com.ibm.coast.PositiveOpinion","is trying innovative","6289","6309",\N
\N,"gY100Ea010g00000","7952",\N,\N,\N,"the favored transshipment",\N,"com.ibm.coast.PositiveOpinion","the favored transshipment","6593","6618",\N
\N,"gY100Ug010g00000","7952",\N,\N,\N,"successfully",\N,"com.ibm.coast.PositiveOpinion","successfully","7772","7784",\N
\N,"gY100wh010g00000","7952",\N,\N,\N,"banner",\N,"com.ibm.coast.PositiveOpinion","banner","7859","7865",\N
\N,"2y0004Hi00g00000","2178",\N,\N,\N,\N,"embarrassed","com.ibm.coast.NegativeOpinion","embarrassed","1748","1759",\N
\N,"2y0004Ci00g00000","2178",\N,\N,\N,"No dangerous materials",\N,"com.ibm.coast.PositiveOpinion","No dangerous materials","648","670",\N
\N,"2y000IHi00g00000","2178",\N,\N,\N,"an outstanding warrant of marijuana",\N,"com.ibm.coast.PositiveOpinion","an outstanding warrant of marijuana","1882","1917",\N
\N,"yT000kEr00g00000","3554",\N,\N,\N,\N,"threatening Pittsburgh-based","com.ibm.coast.NegativeOpinion","threatening Pittsburgh-based","521","549",\N
\N,"yT0000Jr00g00000","3554",\N,\N,\N,\N,"criminal","com.ibm.coast.NegativeOpinion","criminal","1298","1306",\N
\N,"yT000INr00g00000","3554",\N,\N,\N,\N,"expressed anger","com.ibm.coast.NegativeOpinion","expressed anger","2005","2020",\N
\N,"yT0000Or00g00000","3554",\N,\N,\N,\N,"anger that the university","com.ibm.coast.NegativeOpinion","anger that the university","2015","2040",\N
\N,"yT000MRr00g00000","3554",\N,\N,\N,\N,"unreliable","com.ibm.coast.NegativeOpinion","unreliable","2844","2854",\N
\N,"yT000oSr00g00000","3554",\N,\N,\N,\N,"factual errors","com.ibm.coast.NegativeOpinion","factual errors","2893","2907",\N
\N,"yT000ETr00g00000","3554",\N,\N,\N,\N,"lost","com.ibm.coast.NegativeOpinion","lost","3171","3175",\N
\N,"yT000UUr00g00000","3554",\N,\N,\N,\N,"threatened","com.ibm.coast.NegativeOpinion","threatened","3444","3454",\N
\N,"kB000Qki00g00000","2388",\N,\N,\N,\N,"criminal","com.ibm.coast.NegativeOpinion","criminal","1523","1531",\N
\N,"kB0008li00g00000","2388",\N,\N,\N,\N,"complaint is simply","com.ibm.coast.NegativeOpinion","complaint is simply","1532","1551",\N
\N,"kB000Mli00g00000","2388",\N,\N,\N,\N,"criminal activity","com.ibm.coast.NegativeOpinion","criminal activity","1597","1614",\N
\N,"kB000Aei00g00000","2388",\N,\N,\N,"received a positive scan",\N,"com.ibm.coast.PositiveOpinion","received a positive scan","518","542",\N
\N,"kB000Uei00g00000","2388",\N,\N,\N,"a positive scan from an X-ray",\N,"com.ibm.coast.PositiveOpinion","a positive scan from an X-ray","527","556",\N
\N,"kB000Imi00g00000","2388",\N,\N,\N,"competent evidence",\N,"com.ibm.coast.PositiveOpinion","competent evidence","1690","1708",\N
\N,"kB0000ni00g00000","2388",\N,\N,\N,"a reasonable doubt",\N,"com.ibm.coast.PositiveOpinion","a reasonable doubt","1762","1780",\N
\N,"ci0004N800g00000","1164",\N,\N,\N,\N,"complaint","com.ibm.coast.NegativeOpinion","complaint","756","765",\N
\N,"ci000IN800g00000","1164",\N,\N,\N,\N,"criminal activity","com.ibm.coast.NegativeOpinion","criminal activity","812","829",\N
\N,"ci000kO800g00000","1164",\N,\N,\N,"competent evidence",\N,"com.ibm.coast.PositiveOpinion","competent evidence","919","937",\N
\N,"ci000EO800g00000","1164",\N,\N,\N,"a reasonable doubt",\N,"com.ibm.coast.PositiveOpinion","a reasonable doubt","991","1009",\N
\N,"ck000w9a00g00000","1292",\N,\N,\N,\N,"illegally","com.ibm.coast.NegativeOpinion","illegally","457","466",\N
\N,"ck0008aa00g00000","1292",\N,\N,\N,\N,"an aggravated felon after deportation","com.ibm.coast.NegativeOpinion","an aggravated felon after deportation","497","534",\N
\N,"ck000wea00g00000","1292",\N,\N,\N,\N,"All illegal immigrants","com.ibm.coast.NegativeOpinion","All illegal immigrants","1056","1078",\N
\N,"ck000sfa00g00000","1292",\N,\N,\N,\N,"undergo criminal history checks","com.ibm.coast.NegativeOpinion","undergo criminal history checks","1112","1143",\N
\N,"ck000oga00g00000","1292",\N,\N,\N,\N,"accesses criminal records","com.ibm.coast.NegativeOpinion","accesses criminal records","1161","1186",\N
\N,"ck000Eha00g00000","1292",\N,\N,\N,\N,"identify violent criminals","com.ibm.coast.NegativeOpinion","identify violent criminals","1244","1270",\N
\N,"Rx000g:f00g00000","2165",\N,\N,\N,"LED",\N,"com.ibm.coast.PositiveOpinion","LED","1042","1045",\N
\N,"Rx000w;f00g00000","2165",\N,\N,\N,"process them more efficiently",\N,"com.ibm.coast.PositiveOpinion","process them more efficiently","1253","1282",\N
\N,"Rx000Q;f00g00000","2165",\N,\N,\N,"effective ways to communicate",\N,"com.ibm.coast.PositiveOpinion","effective ways to communicate","1318","1347",\N
\N,"Rx00041g00g00000","2165",\N,\N,\N,"an effective tool",\N,"com.ibm.coast.PositiveOpinion","an effective tool","1491","1508",\N
\N,"3P000whr00g00000","3267",\N,\N,\N,\N,"7--Alarmed","com.ibm.coast.NegativeOpinion","7--Alarmed","10","20",\N
\N,"3P000Epr00g00000","3267",\N,\N,\N,\N,"other threatening statements","com.ibm.coast.NegativeOpinion","other threatening statements","1628","1656",\N
\N,"us000s;e00g00000","1822",\N,\N,\N,\N,"disgruntled worker","com.ibm.coast.NegativeOpinion","disgruntled worker","842","860",\N
\N,"bK000I:m00g00000","2955",\N,\N,\N,\N,"fearful","com.ibm.coast.NegativeOpinion","fearful","258","265",\N
\N,"bK000Y4n00g00000","2955",\N,\N,\N,\N,"lack","com.ibm.coast.NegativeOpinion","lack","1529","1533",\N
\N,"bK000w6n00g00000","2955",\N,\N,\N,\N,"He may voice frustration","com.ibm.coast.NegativeOpinion","He may voice frustration","1853","1877",\N
\N,"bK00087n00g00000","2955",\N,\N,\N,\N,"annoyance at fundraising","com.ibm.coast.NegativeOpinion","annoyance at fundraising","1881","1905",\N
\N,"bK000gan00g00000","2955",\N,\N,\N,\N,"horror stories","com.ibm.coast.NegativeOpinion","horror stories","2445","2459",\N
\N,"bK000wbn00g00000","2955",\N,\N,\N,\N,"causing trouble","com.ibm.coast.NegativeOpinion","causing trouble","2640","2655",\N
\N,"w4100oYu00g00000","4384",\N,\N,\N,"the leading provider",\N,"com.ibm.coast.PositiveOpinion","the leading provider","60","80",\N
\N,"w4100E7v00g00000","4384",\N,\N,\N,"reliable",\N,"com.ibm.coast.PositiveOpinion","reliable","1280","1288",\N
\N,"w4100Ehv00g00000","4384",\N,\N,\N,"issues to avoid potential disasters",\N,"com.ibm.coast.PositiveOpinion","issues to avoid potential disasters","3048","3083",\N
\N,"jt100IRL00g00000","5971",\N,\N,\N,\N,"monitoring illegal fishing","com.ibm.coast.NegativeOpinion","monitoring illegal fishing","2800","2826",\N
\N,"jt100QUL00g00000","5971",\N,\N,\N,\N,"had failed","com.ibm.coast.NegativeOpinion","had failed","3231","3241",\N
\N,"jt100s3M00g00000","5971",\N,\N,\N,\N,"causing damage","com.ibm.coast.NegativeOpinion","causing damage","4807","4821",\N
\N,"jt100M3M00g00000","5971",\N,\N,\N,\N,"believe that unfortunately","com.ibm.coast.NegativeOpinion","believe that unfortunately","4871","4897",\N
\N,"jt100UYL00g00000","5971",\N,\N,\N,"has a robust process",\N,"com.ibm.coast.PositiveOpinion","has a robust process","3984","4004",\N
\N,"jt100cZL00g00000","5971",\N,\N,\N,"a robust process to investigate",\N,"com.ibm.coast.PositiveOpinion","a robust process to investigate","3988","4019",\N
\N,"NE000AGk00g00000","2609",\N,\N,\N,\N,"allegations of wrongdoing","com.ibm.coast.NegativeOpinion","allegations of wrongdoing","772","797",\N
\N,"NE000wHk00g00000","2609",\N,\N,\N,\N,"these allegations are serious","com.ibm.coast.NegativeOpinion","these allegations are serious","925","954",\N
\N,"NE000UQk00g00000","2609",\N,\N,\N,\N,"threatened Rhode Islandersâ","com.ibm.coast.NegativeOpinion","threatened Rhode Islandersâ","2476","2503",\N
\N,"NE000oEk00g00000","2609",\N,\N,\N,"secure RIPTAâ",\N,"com.ibm.coast.PositiveOpinion","secure RIPTAâ","416","429",\N
\N,"NE000MIk00g00000","2609",\N,\N,\N,"identify process improvements",\N,"com.ibm.coast.PositiveOpinion","identify process improvements","1205","1234",\N
\N,"NE000wMk00g00000","2609",\N,\N,\N,"was praised",\N,"com.ibm.coast.PositiveOpinion","was praised","1848","1859",\N
\N,"NE000IOk00g00000","2609",\N,\N,\N,"foremost aim of the authority",\N,"com.ibm.coast.PositiveOpinion","foremost aim of the authority","2277","2306",\N
\N,"FS200kzp10g00000","11689",\N,\N,\N,\N,"pleaded guilty","com.ibm.coast.NegativeOpinion","pleaded guilty","1137","1151",\N
\N,"FS200oDp10g00000","11689",\N,\N,\N,\N,"was suffering gastric","com.ibm.coast.NegativeOpinion","was suffering gastric","1906","1927",\N
\N,"FS200UFp10g00000","11689",\N,\N,\N,\N,"sad","com.ibm.coast.NegativeOpinion","sad","2528","2531",\N
\N,"FS200MHp10g00000","11689",\N,\N,\N,\N,"suffered","com.ibm.coast.NegativeOpinion","suffered","2816","2824",\N
\N,"FS200oIp10g00000","11689",\N,\N,\N,\N,"suffered a myocardial infarction","com.ibm.coast.NegativeOpinion","suffered a myocardial infarction","2871","2903",\N
\N,"FS200QLp10g00000","11689",\N,\N,\N,\N,"I am terribly","com.ibm.coast.NegativeOpinion","I am terribly","3319","3332",\N
\N,"FS2008Mp10g00000","11689",\N,\N,\N,\N,"the loss","com.ibm.coast.NegativeOpinion","the loss","3345","3353",\N
\N,"FS2008Wp10g00000","11689",\N,\N,\N,\N,"not winning","com.ibm.coast.NegativeOpinion","not winning","4897","4908",\N
\N,"FS200M;p10g00000","11689",\N,\N,\N,\N,"my own personal research into the allegations","com.ibm.coast.NegativeOpinion","my own personal research into the allegations","5742","5787",\N
\N,"FS200o0q10g00000","11689",\N,\N,\N,\N,"the allegations against Scientology","com.ibm.coast.NegativeOpinion","the allegations against Scientology","5772","5807",\N
\N,"FS200I0q10g00000","11689",\N,\N,\N,\N,"was embarrassed","com.ibm.coast.NegativeOpinion","was embarrassed","5870","5885",\N
\N,"FS200Y1q10g00000","11689",\N,\N,\N,\N,"ashamed","com.ibm.coast.NegativeOpinion","ashamed","6259","6266",\N
\N,"FS20084q10g00000","11689",\N,\N,\N,\N,"lose her braces","com.ibm.coast.NegativeOpinion","lose her braces","6649","6664",\N
\N,"FS200k6q10g00000","11689",\N,\N,\N,\N,"that affection were too much","com.ibm.coast.NegativeOpinion","that affection were too much","6957","6985",\N
\N,"FS200w8q10g00000","11689",\N,\N,\N,\N,"DOOMS US ALL","com.ibm.coast.NegativeOpinion","DOOMS US ALL","7516","7528",\N
\N,"FS200s9q10g00000","11689",\N,\N,\N,\N,"doomed","com.ibm.coast.NegativeOpinion","doomed","7603","7609",\N
\N,"FS200oaq10g00000","11689",\N,\N,\N,\N,"dire warning to America","com.ibm.coast.NegativeOpinion","dire warning to America","7751","7774",\N
\N,"FS2000bq10g00000","11689",\N,\N,\N,\N,"be lost forever","com.ibm.coast.NegativeOpinion","be lost forever","7823","7838",\N
\N,"FS200kbq10g00000","11689",\N,\N,\N,\N,"much worse","com.ibm.coast.NegativeOpinion","much worse","7954","7964",\N
\N,"FS200Ybq10g00000","11689",\N,\N,\N,\N,"those bad action movies","com.ibm.coast.NegativeOpinion","those bad action movies","8040","8063",\N
\N,"FS200Acq10g00000","11689",\N,\N,\N,\N,"was even more severe","com.ibm.coast.NegativeOpinion","was even more severe","8071","8091",\N
\N,"FS200seq10g00000","11689",\N,\N,\N,\N,"instituted harsh measures","com.ibm.coast.NegativeOpinion","instituted harsh measures","8593","8618",\N
\N,"FS200Meq10g00000","11689",\N,\N,\N,\N,"harsh measures to repress","com.ibm.coast.NegativeOpinion","harsh measures to repress","8604","8629",\N
\N,"FS200soq10g00000","11689",\N,\N,\N,\N,"failed","com.ibm.coast.NegativeOpinion","failed","9993","9999",\N
\N,"FS200Mtq10g00000","11689",\N,\N,\N,\N,"imminent","com.ibm.coast.NegativeOpinion","imminent","10570","10578",\N
\N,"FS200wwp10g00000","11689",\N,\N,\N,"the more sensible Puddle of Booze",\N,"com.ibm.coast.PositiveOpinion","the more sensible Puddle of Booze","714","747",\N
\N,"FS200INp10g00000","11689",\N,\N,\N,"the gentle giant",\N,"com.ibm.coast.PositiveOpinion","the gentle giant","3645","3661",\N
\N,"FS200UPp10g00000","11689",\N,\N,\N,"the finest people",\N,"com.ibm.coast.PositiveOpinion","the finest people","3815","3832",\N
\N,"FS200wQp10g00000","11689",\N,\N,\N,"was the gentlest",\N,"com.ibm.coast.PositiveOpinion","was the gentlest","3893","3909",\N
\N,"FS200oSp10g00000","11689",\N,\N,\N,"Proud Family",\N,"com.ibm.coast.PositiveOpinion","Proud Family","4281","4293",\N
\N,"FS2000Yp10g00000","11689",\N,\N,\N,"the elaborate wife-auditioning process",\N,"com.ibm.coast.PositiveOpinion","the elaborate wife-auditioning process","5149","5187",\N
\N,"FS200E1q10g00000","11689",\N,\N,\N,"effectively",\N,"com.ibm.coast.PositiveOpinion","effectively","6160","6171",\N
\N,"FS200s4q10g00000","11689",\N,\N,\N,"her red highlights",\N,"com.ibm.coast.PositiveOpinion","her red highlights","6666","6684",\N
\N,"FS200Egq10g00000","11689",\N,\N,\N,"a French-British victory",\N,"com.ibm.coast.PositiveOpinion","a French-British victory","8854","8878",\N
\N,"FS200ghq10g00000","11689",\N,\N,\N,"victory over Germany",\N,"com.ibm.coast.PositiveOpinion","victory over Germany","8871","8891",\N
\N,"FS200kqq10g00000","11689",\N,\N,\N,"a remarkable person",\N,"com.ibm.coast.PositiveOpinion","a remarkable person","10222","10241",\N
\N,"or000kie00g00000","1752",\N,\N,\N,\N,"allegations","com.ibm.coast.NegativeOpinion","allegations","1178","1189",\N
\N,"or000Uje00g00000","1752",\N,\N,\N,\N,"sexual harassment","com.ibm.coast.NegativeOpinion","sexual harassment","1319","1336",\N
\N,"or000cke00g00000","1752",\N,\N,\N,\N,"complaints against the village","com.ibm.coast.NegativeOpinion","complaints against the village","1337","1367",\N
\N,"or0008be00g00000","1752",\N,\N,\N,"interesting stories for the Fenton",\N,"com.ibm.coast.PositiveOpinion","interesting stories for the Fenton","276","310",\N
\N,"jC000kak00g00000","2451",\N,\N,\N,"be effective",\N,"com.ibm.coast.PositiveOpinion","be effective","1865","1877",\N
\N,"to100I:C00g00000","5661",\N,\N,\N,\N,"suspicious behavior","com.ibm.coast.NegativeOpinion","suspicious behavior","1011","1030",\N
\N,"to1008hD00g00000","5661",\N,\N,\N,\N,"has not been effective","com.ibm.coast.NegativeOpinion","has not been effective","3759","3781",\N
\N,"to100MUC00g00000","5661",\N,\N,\N,"more efficiently",\N,"com.ibm.coast.PositiveOpinion","more efficiently","391","407",\N
\N,"to1004VC00g00000","5661",\N,\N,\N,"effectively",\N,"com.ibm.coast.PositiveOpinion","effectively","412","423",\N
\N,"to10043D00g00000","5661",\N,\N,\N,"VIPR teams are efficient",\N,"com.ibm.coast.PositiveOpinion","VIPR teams are efficient","1668","1692",\N
\N,"to100I3D00g00000","5661",\N,\N,\N,"effective",\N,"com.ibm.coast.PositiveOpinion","effective","1697","1706",\N
\N,"to10009D00g00000","5661",\N,\N,\N,"effectively coordinate management",\N,"com.ibm.coast.PositiveOpinion","effectively coordinate management","2579","2612",\N
\N,"to100YjD00g00000","5661",\N,\N,\N,"are coordinated effectively",\N,"com.ibm.coast.PositiveOpinion","are coordinated effectively","4174","4201",\N
\N,"to100YoD00g00000","5661",\N,\N,\N,"credible intelligence",\N,"com.ibm.coast.PositiveOpinion","credible intelligence","4865","4886",\N
\N,"s:500cIW20g00000","24476",\N,\N,\N,\N,"experiencing harm","com.ibm.coast.NegativeOpinion","experiencing harm","497","514",\N
\N,"s:500AMW20g00000","24476",\N,\N,\N,\N,"we hate the police","com.ibm.coast.NegativeOpinion","we hate the police","1764","1782",\N
\N,"s:500UMW20g00000","24476",\N,\N,\N,\N,"hate","com.ibm.coast.NegativeOpinion","hate","1798","1802",\N
\N,"s:500cNW20g00000","24476",\N,\N,\N,\N,"more difficult","com.ibm.coast.NegativeOpinion","more difficult","2054","2068",\N
\N,"s:5000QW20g00000","24476",\N,\N,\N,\N,"illegal things","com.ibm.coast.NegativeOpinion","illegal things","3134","3148",\N
\N,"s:500cSW20g00000","24476",\N,\N,\N,\N,"violent means","com.ibm.coast.NegativeOpinion","violent means","3848","3861",\N
\N,"s:5008TW20g00000","24476",\N,\N,\N,\N,"the wrong person","com.ibm.coast.NegativeOpinion","the wrong person","4155","4171",\N
\N,"s:500EVW20g00000","24476",\N,\N,\N,\N,"can go wrong when inexperienced","com.ibm.coast.NegativeOpinion","can go wrong when inexperienced","4525","4556",\N
\N,"s:500YVW20g00000","24476",\N,\N,\N,\N,"wrong when inexperienced people","com.ibm.coast.NegativeOpinion","wrong when inexperienced people","4532","4563",\N
\N,"s:50042X20g00000","24476",\N,\N,\N,\N,"do illegal actions","com.ibm.coast.NegativeOpinion","do illegal actions","6061","6079",\N
\N,"s:500k3X20g00000","24476",\N,\N,\N,\N,"sick","com.ibm.coast.NegativeOpinion","sick","6421","6425",\N
\N,"s:500w5X20g00000","24476",\N,\N,\N,\N,"a sick tight clique","com.ibm.coast.NegativeOpinion","a sick tight clique","6869","6888",\N
\N,"s:500M6X20g00000","24476",\N,\N,\N,\N,"more risky nighttime vandalism","com.ibm.coast.NegativeOpinion","more risky nighttime vandalism","7140","7170",\N
\N,"s:5004cX20g00000","24476",\N,\N,\N,\N,"is usually difficult","com.ibm.coast.NegativeOpinion","is usually difficult","8471","8491",\N
\N,"s:500ocX20g00000","24476",\N,\N,\N,\N,"you get too hasty","com.ibm.coast.NegativeOpinion","you get too hasty","8496","8513",\N
\N,"s:500YdX20g00000","24476",\N,\N,\N,\N,"was making you suspicious","com.ibm.coast.NegativeOpinion","was making you suspicious","8777","8802",\N
\N,"s:500geX20g00000","24476",\N,\N,\N,\N,"makes you uncomfortable","com.ibm.coast.NegativeOpinion","makes you uncomfortable","8843","8866",\N
\N,"s:500kiX20g00000","24476",\N,\N,\N,\N,"an excruciating sentence in a prison","com.ibm.coast.NegativeOpinion","an excruciating sentence in a prison","10204","10240",\N
\N,"s:500AjX20g00000","24476",\N,\N,\N,\N,"worry about so long","com.ibm.coast.NegativeOpinion","worry about so long","10330","10349",\N
\N,"s:500AoX20g00000","24476",\N,\N,\N,\N,"Bay of Rage","com.ibm.coast.NegativeOpinion","Bay of Rage","11306","11317",\N
\N,"s:500UoX20g00000","24476",\N,\N,\N,\N,"Rage for the SF","com.ibm.coast.NegativeOpinion","Rage for the SF","11313","11328",\N
\N,"s:500MAX20g00000","24476",\N,\N,\N,\N,"start breaking","com.ibm.coast.NegativeOpinion","start breaking","14036","14050",\N
\N,"s:5000CX20g00000","24476",\N,\N,\N,\N,"a bored march","com.ibm.coast.NegativeOpinion","a bored march","14606","14619",\N
\N,"s:500UDX20g00000","24476",\N,\N,\N,\N,"other blunt","com.ibm.coast.NegativeOpinion","other blunt","15013","15024",\N
\N,"s:500UNX20g00000","24476",\N,\N,\N,\N,"mistakes people","com.ibm.coast.NegativeOpinion","mistakes people","17096","17111",\N
\N,"s:500AXX20g00000","24476",\N,\N,\N,\N,"isn't the best idea","com.ibm.coast.NegativeOpinion","isn't the best idea","19695","19714",\N
\N,"s:500w1Y20g00000","24476",\N,\N,\N,\N,"fails lemon juice","com.ibm.coast.NegativeOpinion","fails lemon juice","20992","21009",\N
\N,"s:50004Y20g00000","24476",\N,\N,\N,\N,"a bad idea to play","com.ibm.coast.NegativeOpinion","a bad idea to play","21418","21436",\N
\N,"s:500E9Y20g00000","24476",\N,\N,\N,\N,"nothing memorable","com.ibm.coast.NegativeOpinion","nothing memorable","23179","23196",\N
\N,"s:500gaY20g00000","24476",\N,\N,\N,\N,"no cool stories","com.ibm.coast.NegativeOpinion","no cool stories","23245","23260",\N
\N,"s:500IdY20g00000","24476",\N,\N,\N,\N,"dangerous","com.ibm.coast.NegativeOpinion","dangerous","24412","24421",\N
\N,"s:500IFW20g00000","24476",\N,\N,\N,"be Fun",\N,"com.ibm.coast.PositiveOpinion","be Fun","13","19",\N
\N,"s:5000LW20g00000","24476",\N,\N,\N,"could benefit",\N,"com.ibm.coast.PositiveOpinion","could benefit","1440","1453",\N
\N,"s:500YLW20g00000","24476",\N,\N,\N,"it sounds like",\N,"com.ibm.coast.PositiveOpinion","it sounds like","1568","1582",\N
\N,"s:500MTW20g00000","24476",\N,\N,\N,"never hurts",\N,"com.ibm.coast.PositiveOpinion","never hurts","4266","4277",\N
\N,"s:5008YW20g00000","24476",\N,\N,\N,"n't worry",\N,"com.ibm.coast.PositiveOpinion","n't worry","4751","4760",\N
\N,"s:500sYW20g00000","24476",\N,\N,\N,"fun",\N,"com.ibm.coast.PositiveOpinion","fun","4814","4817",\N
\N,"s:500IZW20g00000","24476",\N,\N,\N,"Friendship is helpful",\N,"com.ibm.coast.PositiveOpinion","Friendship is helpful","5131","5152",\N
\N,"s:500Y:W20g00000","24476",\N,\N,\N,"is totally solid",\N,"com.ibm.coast.PositiveOpinion","is totally solid","5331","5347",\N
\N,"s:500g;W20g00000","24476",\N,\N,\N,"capable",\N,"com.ibm.coast.PositiveOpinion","capable","5359","5366",\N
\N,"s:500U;W20g00000","24476",\N,\N,\N,"be helpful",\N,"com.ibm.coast.PositiveOpinion","be helpful","5422","5432",\N
\N,"s:500c0X20g00000","24476",\N,\N,\N,"roots like punk",\N,"com.ibm.coast.PositiveOpinion","roots like punk","5458","5473",\N
\N,"s:500I2X20g00000","24476",\N,\N,\N,"emotionally unstable",\N,"com.ibm.coast.PositiveOpinion","emotionally unstable","6153","6173",\N
\N,"s:500c5X20g00000","24476",\N,\N,\N,"enjoying wealth",\N,"com.ibm.coast.PositiveOpinion","enjoying wealth","6668","6683",\N
\N,"s:500E8X20g00000","24476",\N,\N,\N,"A great way",\N,"com.ibm.coast.PositiveOpinion","A great way","7365","7376",\N
\N,"s:500A9X20g00000","24476",\N,\N,\N,"is this helpful",\N,"com.ibm.coast.PositiveOpinion","is this helpful","7483","7498",\N
\N,"s:500sbX20g00000","24476",\N,\N,\N,"increases greatly",\N,"com.ibm.coast.PositiveOpinion","increases greatly","8015","8032",\N
\N,"s:500kdX20g00000","24476",\N,\N,\N,"there is a reasonable explanation",\N,"com.ibm.coast.PositiveOpinion","there is a reasonable explanation","8734","8767",\N
\N,"s:500wfX20g00000","24476",\N,\N,\N,"proudly",\N,"com.ibm.coast.PositiveOpinion","proudly","9424","9431",\N
\N,"s:500MgX20g00000","24476",\N,\N,\N,"the more exciting things",\N,"com.ibm.coast.PositiveOpinion","the more exciting things","9933","9957",\N
\N,"s:500IhX20g00000","24476",\N,\N,\N,"exciting adventures in your war",\N,"com.ibm.coast.PositiveOpinion","exciting adventures in your war","10158","10189",\N
\N,"s:500gjX20g00000","24476",\N,\N,\N,"not too much",\N,"com.ibm.coast.PositiveOpinion","not too much","10314","10326",\N
\N,"s:5004mX20g00000","24476",\N,\N,\N,"best",\N,"com.ibm.coast.PositiveOpinion","best","10842","10846",\N
\N,"s:500ImX20g00000","24476",\N,\N,\N,"n't worry",\N,"com.ibm.coast.PositiveOpinion","n't worry","10905","10914",\N
\N,"s:5000sX20g00000","24476",\N,\N,\N,"It's much better when",\N,"com.ibm.coast.PositiveOpinion","It's much better when","11793","11814",\N
\N,"s:500UtX20g00000","24476",\N,\N,\N,"like courts",\N,"com.ibm.coast.PositiveOpinion","like courts","12585","12596",\N
\N,"s:500QuX20g00000","24476",\N,\N,\N,"like anti-gay mega churches",\N,"com.ibm.coast.PositiveOpinion","like anti-gay mega churches","12660","12687",\N
\N,"s:500wzX20g00000","24476",\N,\N,\N,"not act suspicious",\N,"com.ibm.coast.PositiveOpinion","not act suspicious","13530","13548",\N
\N,"s:500MFX20g00000","24476",\N,\N,\N,"waving it proudly",\N,"com.ibm.coast.PositiveOpinion","waving it proudly","15356","15373",\N
\N,"s:500IGX20g00000","24476",\N,\N,\N,"It's also helpful",\N,"com.ibm.coast.PositiveOpinion","It's also helpful","15535","15552",\N
\N,"s:500wJX20g00000","24476",\N,\N,\N,"hold a sweet banner",\N,"com.ibm.coast.PositiveOpinion","hold a sweet banner","16162","16181",\N
\N,"s:500MKX20g00000","24476",\N,\N,\N,"fancy restaurants",\N,"com.ibm.coast.PositiveOpinion","fancy restaurants","16352","16369",\N
\N,"s:500oLX20g00000","24476",\N,\N,\N,"Some clever graffiti during the May",\N,"com.ibm.coast.PositiveOpinion","Some clever graffiti during the May","16471","16506",\N
\N,"s:500ERX20g00000","24476",\N,\N,\N,"a solid black bandana",\N,"com.ibm.coast.PositiveOpinion","a solid black bandana","18163","18184",\N
\N,"s:500ASX20g00000","24476",\N,\N,\N,"solid black",\N,"com.ibm.coast.PositiveOpinion","solid black","18186","18197",\N
\N,"s:500U0Y20g00000","24476",\N,\N,\N,"a gas mask is handy",\N,"com.ibm.coast.PositiveOpinion","a gas mask is handy","20952","20971",\N
\N,"s:500o3Y20g00000","24476",\N,\N,\N,"the scientific merit of these anecdotes",\N,"com.ibm.coast.PositiveOpinion","the scientific merit of these anecdotes","21312","21351",\N
\N,"s:500A5Y20g00000","24476",\N,\N,\N,"glad",\N,"com.ibm.coast.PositiveOpinion","glad","21784","21788",\N
\N,"s:500U5Y20g00000","24476",\N,\N,\N,"I'm glad",\N,"com.ibm.coast.PositiveOpinion","I'm glad","21870","21878",\N
\N,"s:500Q6Y20g00000","24476",\N,\N,\N,"is helpful",\N,"com.ibm.coast.PositiveOpinion","is helpful","22331","22341",\N
\N,"s:500UaY20g00000","24476",\N,\N,\N,"get beaten",\N,"com.ibm.coast.PositiveOpinion","get beaten","23281","23291",\N
\N,"s:500wbY20g00000","24476",\N,\N,\N,"a better world",\N,"com.ibm.coast.PositiveOpinion","a better world","23558","23572",\N
\N,"bf200omd10g00000","9163",\N,\N,\N,\N,"Illegal souvenirs","com.ibm.coast.NegativeOpinion","Illegal souvenirs","0","17",\N
\N,"bf200Imd10g00000","9163",\N,\N,\N,\N,"troubleBy Kimber","com.ibm.coast.NegativeOpinion","troubleBy Kimber","41","59",\N
\N,"bf200Esd10g00000","9163",\N,\N,\N,\N,"failing","com.ibm.coast.NegativeOpinion","failing","891","898",\N
\N,"bf2000xd10g00000","9163",\N,\N,\N,\N,"counterfeit items","com.ibm.coast.NegativeOpinion","counterfeit items","1355","1372",\N
\N,"bf200ADd10g00000","9163",\N,\N,\N,\N,"discovered illegal chocolate eggs","com.ibm.coast.NegativeOpinion","discovered illegal chocolate eggs","2163","2196",\N
\N,"bf200UNd10g00000","9163",\N,\N,\N,\N,"says failing","com.ibm.coast.NegativeOpinion","says failing","4221","4233",\N
\N,"bf200cTd10g00000","9163",\N,\N,\N,\N,"counterfeit items in your luggage","com.ibm.coast.NegativeOpinion","counterfeit items in your luggage","5252","5285",\N
\N,"bf200k;d10g00000","9163",\N,\N,\N,\N,"dog fur is illegal","com.ibm.coast.NegativeOpinion","dog fur is illegal","6317","6335",\N
\N,"bf200A0e10g00000","9163",\N,\N,\N,\N,"each gross negligent violation","com.ibm.coast.NegativeOpinion","each gross negligent violation","6415","6445",\N
\N,"bf200god10g00000","9163",\N,\N,\N,"Kinder Eggs because the small plastic",\N,"com.ibm.coast.PositiveOpinion","Kinder Eggs because the small plastic","218","255",\N
\N,"bf200Ird10g00000","9163",\N,\N,\N,"popular",\N,"com.ibm.coast.PositiveOpinion","popular","667","674",\N
\N,"bf200Atd10g00000","9163",\N,\N,\N,"A memorable trip",\N,"com.ibm.coast.PositiveOpinion","A memorable trip","966","982",\N
\N,"bf200wud10g00000","9163",\N,\N,\N,"some sweet souvenirs",\N,"com.ibm.coast.PositiveOpinion","some sweet souvenirs","1020","1040",\N
\N,"bf200Mvd10g00000","9163",\N,\N,\N,"popular",\N,"com.ibm.coast.PositiveOpinion","popular","1292","1299",\N
\N,"bf200Ayd10g00000","9163",\N,\N,\N,"item is the popular European milk",\N,"com.ibm.coast.PositiveOpinion","item is the popular European milk","1769","1802",\N
\N,"bf200Uyd10g00000","9163",\N,\N,\N,"the popular European milk chocolate treat",\N,"com.ibm.coast.PositiveOpinion","the popular European milk chocolate treat","1777","1818",\N
\N,"bf200Qzd10g00000","9163",\N,\N,\N,"Kinder Eggs",\N,"com.ibm.coast.PositiveOpinion","Kinder Eggs","1819","1830",\N
\N,"bf200MAd10g00000","9163",\N,\N,\N,"Kinder Eggs because the small plastic",\N,"com.ibm.coast.PositiveOpinion","Kinder Eggs because the small plastic","1893","1930",\N
\N,"bf200QEd10g00000","9163",\N,\N,\N,"Kinder Eggs",\N,"com.ibm.coast.PositiveOpinion","Kinder Eggs","2273","2284",\N
\N,"bf200QJd10g00000","9163",\N,\N,\N,"enjoy some fresh",\N,"com.ibm.coast.PositiveOpinion","enjoy some fresh","3195","3211",\N
\N,"bf200ANd10g00000","9163",\N,\N,\N,"much better",\N,"com.ibm.coast.PositiveOpinion","much better","4130","4141",\N
\N,"bf200gSd10g00000","9163",\N,\N,\N,"Shanghai have high",\N,"com.ibm.coast.PositiveOpinion","Shanghai have high","5107","5125",\N
\N,"bf200sUd10g00000","9163",\N,\N,\N,"like designer handbags",\N,"com.ibm.coast.PositiveOpinion","like designer handbags","5370","5392",\N
\N,"bf2000Wd10g00000","9163",\N,\N,\N,"popular",\N,"com.ibm.coast.PositiveOpinion","popular","5493","5500",\N
\N,"bf200Y;d10g00000","9163",\N,\N,\N,"fine",\N,"com.ibm.coast.PositiveOpinion","fine","6341","6345",\N
\N,"bf20082e10g00000","9163",\N,\N,\N,"is an excellent example",\N,"com.ibm.coast.PositiveOpinion","is an excellent example","6642","6665",\N
\N,"bf200s2e10g00000","9163",\N,\N,\N,"an excellent example of the CBP",\N,"com.ibm.coast.PositiveOpinion","an excellent example of the CBP","6645","6676",\N
\N,"bf200A5e10g00000","9163",\N,\N,\N,"perfect addition",\N,"com.ibm.coast.PositiveOpinion","perfect addition","7279","7295",\N
\N,"bf200o8e10g00000","9163",\N,\N,\N,"n't do any harm",\N,"com.ibm.coast.PositiveOpinion","n't do any harm","8366","8381",\N
\N,"bf200I8e10g00000","9163",\N,\N,\N,"it was like",\N,"com.ibm.coast.PositiveOpinion","it was like","8495","8506",\N
\N,"bf200k9e10g00000","9163",\N,\N,\N,"recommends caution",\N,"com.ibm.coast.PositiveOpinion","recommends caution","8596","8614",\N
\N,"bf200cbe10g00000","9163",\N,\N,\N,"recommends checking",\N,"com.ibm.coast.PositiveOpinion","recommends checking","8911","8930",\N
\N,"bf200wbe10g00000","9163",\N,\N,\N,"checking the lead",\N,"com.ibm.coast.PositiveOpinion","checking the lead","8922","8939",\N
\N,"Ea000Mv500g00000","680",\N,\N,\N,\N,"loss of cabin","com.ibm.coast.NegativeOpinion","loss of cabin","50","63",\N
\N,"Ea000Uy500g00000","680",\N,\N,\N,\N,"the loss of cabin","com.ibm.coast.NegativeOpinion","the loss of cabin","420","437",\N
\N,"bk0004Y900g00000","1291",\N,\N,\N,\N,"complain about","com.ibm.coast.NegativeOpinion","complain about","59","73",\N
\N,"bk00080a00g00000","1291",\N,\N,\N,\N,"complained","com.ibm.coast.NegativeOpinion","complained","885","895",\N
\N,"bk00041a00g00000","1291",\N,\N,\N,"unknown Ryanair was happy",\N,"com.ibm.coast.PositiveOpinion","unknown Ryanair was happy","1028","1053",\N
\N,"NZ000sdu00g00000","3953",\N,\N,\N,\N,"detailing the various shortcomings","com.ibm.coast.NegativeOpinion","detailing the various shortcomings","1066","1100",\N
\N,"NZ000Mdu00g00000","3953",\N,\N,\N,\N,"the various shortcomings of the transportation","com.ibm.coast.NegativeOpinion","the various shortcomings of the transportation","1076","1122",\N
\N,"NZ000Yfu00g00000","3953",\N,\N,\N,\N,"also found deficiencies in the conduct","com.ibm.coast.NegativeOpinion","also found deficiencies in the conduct","1327","1365",\N
\N,"NZ000siu00g00000","3953",\N,\N,\N,\N,"the deficiencies","com.ibm.coast.NegativeOpinion","the deficiencies","1617","1633",\N
\N,"NZ000Iju00g00000","3953",\N,\N,\N,\N,"a shortage in drivers","com.ibm.coast.NegativeOpinion","a shortage in drivers","1850","1871",\N
\N,"NZ000s8u00g00000","3953",\N,\N,\N,"like airports",\N,"com.ibm.coast.PositiveOpinion","like airports","395","408",\N
\N,"NZ000Yau00g00000","3953",\N,\N,\N,"the Prime Minister",\N,"com.ibm.coast.PositiveOpinion","the Prime Minister","784","802",\N
\N,"NZ000Ulu00g00000","3953",\N,\N,\N,"prevent damage to locations",\N,"com.ibm.coast.PositiveOpinion","prevent damage to locations","2321","2348",\N
\N,"NZ0008su00g00000","3953",\N,\N,\N,"the issues are optimistic",\N,"com.ibm.coast.PositiveOpinion","the issues are optimistic","3311","3336",\N
\N,"NZ000gvu00g00000","3953",\N,\N,\N,"the prime minister",\N,"com.ibm.coast.PositiveOpinion","the prime minister","3860","3878",\N
\N,"pP000Idr00g00000","3289",\N,\N,\N,\N,"an aggravated assault","com.ibm.coast.NegativeOpinion","an aggravated assault","2239","2260",\N
\N,"pP000ker00g00000","3289",\N,\N,\N,\N,"suspect","com.ibm.coast.NegativeOpinion","suspect","2310","2317",\N
\N,"pP000Eer00g00000","3289",\N,\N,\N,\N,"suspect then","com.ibm.coast.NegativeOpinion","suspect then","2337","2349",\N
\N,"Qz100sAS00g00000","6388",\N,\N,\N,\N,"threatening letters that the late Penn","com.ibm.coast.NegativeOpinion","threatening letters that the late Penn","68","106",\N
\N,"Qz100cES00g00000","6388",\N,\N,\N,\N,"sexual abuse","com.ibm.coast.NegativeOpinion","sexual abuse","624","636",\N
\N,"Qz100wES00g00000","6388",\N,\N,\N,\N,"scandal","com.ibm.coast.NegativeOpinion","scandal","637","644",\N
\N,"Qz1008FS00g00000","6388",\N,\N,\N,\N,"sexual abuse","com.ibm.coast.NegativeOpinion","sexual abuse","737","749",\N
\N,"Qz100UIS00g00000","6388",\N,\N,\N,\N,"suffer","com.ibm.coast.NegativeOpinion","suffer","1496","1502",\N
\N,"Qz100cJS00g00000","6388",\N,\N,\N,\N,"a tragic accident","com.ibm.coast.NegativeOpinion","a tragic accident","1564","1581",\N
\N,"Qz100ILS00g00000","6388",\N,\N,\N,\N,"sexual abuse","com.ibm.coast.NegativeOpinion","sexual abuse","1893","1905",\N
\N,"Qz100EMS00g00000","6388",\N,\N,\N,\N,"abuse","com.ibm.coast.NegativeOpinion","abuse","2060","2065",\N
\N,"Qz100YMS00g00000","6388",\N,\N,\N,\N,"allegations against Sandusky","com.ibm.coast.NegativeOpinion","allegations against Sandusky","2066","2094",\N
\N,"Qz100gNS00g00000","6388",\N,\N,\N,\N,"lack of empathy","com.ibm.coast.NegativeOpinion","lack of empathy","2163","2178",\N
\N,"Qz100ANS00g00000","6388",\N,\N,\N,\N,"failing","com.ibm.coast.NegativeOpinion","failing","2207","2214",\N
\N,"Qz100QOS00g00000","6388",\N,\N,\N,\N,"Bitter Father","com.ibm.coast.NegativeOpinion","Bitter Father","2363","2376",\N
\N,"Qz1008PS00g00000","6388",\N,\N,\N,\N,"lost","com.ibm.coast.NegativeOpinion","lost","2558","2562",\N
\N,"Qz1004QS00g00000","6388",\N,\N,\N,\N,"face the loss","com.ibm.coast.NegativeOpinion","face the loss","2733","2746",\N
\N,"Qz100oQS00g00000","6388",\N,\N,\N,\N,"the loss of a member","com.ibm.coast.NegativeOpinion","the loss of a member","2738","2758",\N
\N,"Qz100kRS00g00000","6388",\N,\N,\N,\N,"bad","com.ibm.coast.NegativeOpinion","bad","2956","2959",\N
\N,"Qz100ECS00g00000","6388",\N,\N,\N,"this technique to benefit",\N,"com.ibm.coast.PositiveOpinion","this technique to benefit","395","420",\N
\N,"6s000Mve00g00000","1798",\N,\N,\N,"successfully",\N,"com.ibm.coast.PositiveOpinion","successfully","862","874",\N
\N,"6s000Iwe00g00000","1798",\N,\N,\N,"we're delivering great ships",\N,"com.ibm.coast.PositiveOpinion","we're delivering great ships","967","995",\N
\N,"n;000MNy00g00000","4055",\N,\N,\N,\N,"Simulated Illegal Border","com.ibm.coast.NegativeOpinion","Simulated Illegal Border","31","55",\N
\N,"n;0004Oy00g00000","4055",\N,\N,\N,\N,"Illegal Border-Crossing Experience","com.ibm.coast.NegativeOpinion","Illegal Border-Crossing Experience","41","75",\N
\N,"n;0008Sy00g00000","4055",\N,\N,\N,\N,"illegally","com.ibm.coast.NegativeOpinion","illegally","459","468",\N
\N,"n;0004Ty00g00000","4055",\N,\N,\N,\N,"illegal","com.ibm.coast.NegativeOpinion","illegal","583","590",\N
\N,"n;00080z00g00000","4055",\N,\N,\N,\N,"worse","com.ibm.coast.NegativeOpinion","worse","2463","2468",\N
\N,"n;000s0z00g00000","4055",\N,\N,\N,\N,"worry","com.ibm.coast.NegativeOpinion","worry","2491","2496",\N
\N,"n;000A3z00g00000","4055",\N,\N,\N,\N,"illegal","com.ibm.coast.NegativeOpinion","illegal","3544","3551",\N
\N,"n;000A:y00g00000","4055",\N,\N,\N,"importantly",\N,"com.ibm.coast.PositiveOpinion","importantly","1978","1989",\N
\N,"n;000c;y00g00000","4055",\N,\N,\N,"is family-friendly",\N,"com.ibm.coast.PositiveOpinion","is family-friendly","2130","2148",\N
\N,"uB200ILb10g00000","10590",\N,\N,\N,\N,"2012Shenali WadugeFear","com.ibm.coast.NegativeOpinion","2012Shenali WadugeFear","51","77",\N
\N,"uB200sPb10g00000","10590",\N,\N,\N,\N,"guilty","com.ibm.coast.NegativeOpinion","guilty","1381","1387",\N
\N,"uB200AXb10g00000","10590",\N,\N,\N,\N,"are threatening","com.ibm.coast.NegativeOpinion","are threatening","3690","3705",\N
\N,"uB200UXb10g00000","10590",\N,\N,\N,\N,"threatening are","com.ibm.coast.NegativeOpinion","threatening are","3694","3709",\N
\N,"uB200U5c10g00000","10590",\N,\N,\N,\N,"too","com.ibm.coast.NegativeOpinion","too","5193","5196",\N
\N,"uB200c6c10g00000","10590",\N,\N,\N,\N,"We know too","com.ibm.coast.NegativeOpinion","We know too","5213","5224",\N
\N,"uB200I8c10g00000","10590",\N,\N,\N,\N,"has caused unnecessary","com.ibm.coast.NegativeOpinion","has caused unnecessary","5709","5731",\N
\N,"uB200k9c10g00000","10590",\N,\N,\N,\N,"loss","com.ibm.coast.NegativeOpinion","loss","5732","5736",\N
\N,"uB200gac10g00000","10590",\N,\N,\N,\N,"suffering psychological disorders","com.ibm.coast.NegativeOpinion","suffering psychological disorders","5851","5884",\N
\N,"uB200Mcc10g00000","10590",\N,\N,\N,\N,"evil","com.ibm.coast.NegativeOpinion","evil","6816","6820",\N
\N,"uB200Iic10g00000","10590",\N,\N,\N,\N,"is threatened","com.ibm.coast.NegativeOpinion","is threatened","7653","7666",\N
\N,"uB200Akc10g00000","10590",\N,\N,\N,\N,"was threatened","com.ibm.coast.NegativeOpinion","was threatened","7887","7901",\N
\N,"uB200Ukc10g00000","10590",\N,\N,\N,\N,"too","com.ibm.coast.NegativeOpinion","too","7935","7938",\N
\N,"uB200wqc10g00000","10590",\N,\N,\N,\N,"are far more dangerous","com.ibm.coast.NegativeOpinion","are far more dangerous","8963","8985",\N
\N,"uB200src10g00000","10590",\N,\N,\N,\N,"illegal immigrants","com.ibm.coast.NegativeOpinion","illegal immigrants","9151","9169",\N
\N,"uB200Etc10g00000","10590",\N,\N,\N,\N,"fear","com.ibm.coast.NegativeOpinion","fear","9639","9643",\N
\N,"uB2008wc10g00000","10590",\N,\N,\N,\N,"fake plots","com.ibm.coast.NegativeOpinion","fake plots","10084","10094",\N
\N,"uB2004xc10g00000","10590",\N,\N,\N,\N,"mention the terrifying looks","com.ibm.coast.NegativeOpinion","mention the terrifying looks","10310","10338",\N
\N,"uB200oxc10g00000","10590",\N,\N,\N,\N,"the terrifying looks by security","com.ibm.coast.NegativeOpinion","the terrifying looks by security","10318","10350",\N
\N,"uB200Idc10g00000","10590",\N,\N,\N,"are pocketing the benefits",\N,"com.ibm.coast.PositiveOpinion","are pocketing the benefits","6900","6926",\N
\N,"uB2004ic10g00000","10590",\N,\N,\N,"Prime Minister",\N,"com.ibm.coast.PositiveOpinion","Prime Minister","7554","7568",\N
\N,"uB200gpc10g00000","10590",\N,\N,\N,"The modern norm",\N,"com.ibm.coast.PositiveOpinion","The modern norm","8543","8558",\N
\N,"uB200guc10g00000","10590",\N,\N,\N,"enjoy",\N,"com.ibm.coast.PositiveOpinion","enjoy","9767","9772",\N
\N,"LF000wHn00g00000","2671",\N,\N,\N,\N,"fear","com.ibm.coast.NegativeOpinion","fear","633","637",\N
\N,"Uh000gF900g00000","1144",\N,\N,\N,\N,"Animal abuse","com.ibm.coast.NegativeOpinion","Animal abuse","190","202",\N
\N,"Uh0008H900g00000","1144",\N,\N,\N,\N,"endure were horrible","com.ibm.coast.NegativeOpinion","endure were horrible","488","508",\N
\N,"Uh000II900g00000","1144",\N,\N,\N,\N,"animal cruelty for failure","com.ibm.coast.NegativeOpinion","animal cruelty for failure","688","714",\N
\N,"Uh000kJ900g00000","1144",\N,\N,\N,\N,"failure to provide","com.ibm.coast.NegativeOpinion","failure to provide","707","725",\N
\N,"Uh000EJ900g00000","1144",\N,\N,\N,"provide proper sustenance",\N,"com.ibm.coast.PositiveOpinion","provide proper sustenance","718","743",\N
\N,"5z100AZQ00g00000","6341",\N,\N,\N,\N,"riders with immune deficiencies","com.ibm.coast.NegativeOpinion","riders with immune deficiencies","1468","1499",\N
\N,"5z100c:Q00g00000","6341",\N,\N,\N,\N,"a harmful agent","com.ibm.coast.NegativeOpinion","a harmful agent","1530","1545",\N
\N,"5z100g2R00g00000","6341",\N,\N,\N,"useful tests",\N,"com.ibm.coast.PositiveOpinion","useful tests","2050","2062",\N
\N,"5z100ofR00g00000","6341",\N,\N,\N,"effectively",\N,"com.ibm.coast.PositiveOpinion","effectively","4851","4862",\N
\N,"5z100QiR00g00000","6341",\N,\N,\N,"accurately model",\N,"com.ibm.coast.PositiveOpinion","accurately model","6031","6047",\N
\N,"5z100sjR00g00000","6341",\N,\N,\N,"the tests were successful",\N,"com.ibm.coast.PositiveOpinion","the tests were successful","6078","6103",\N
\N,"hc000Mg600g00000","785",\N,\N,\N,\N,"show malfunctions","com.ibm.coast.NegativeOpinion","show malfunctions","18","35",\N
\N,"hc000ck600g00000","785",\N,\N,\N,\N,"including engine failures","com.ibm.coast.NegativeOpinion","including engine failures","380","405",\N
\N,"2d10088E00g00000","4930",\N,\N,\N,\N,"combat illegal migration","com.ibm.coast.NegativeOpinion","combat illegal migration","2741","2765",\N
\N,"2d100UbE00g00000","4930",\N,\N,\N,\N,"illegal migrants","com.ibm.coast.NegativeOpinion","illegal migrants","3613","3629",\N
\N,"2d1008iE00g00000","4930",\N,\N,\N,\N,"illegal migrants in April","com.ibm.coast.NegativeOpinion","illegal migrants in April","4700","4725",\N
\N,"2d100IeE00g00000","4930",\N,\N,\N,"a popular coastal region",\N,"com.ibm.coast.PositiveOpinion","a popular coastal region","4233","4257",\N
\N,"z1100o3w00g00000","4195",\N,\N,\N,\N,"Illegal Immigration in Turkey","com.ibm.coast.NegativeOpinion","Illegal Immigration in Turkey","39","68",\N
\N,"z1100k4w00g00000","4195",\N,\N,\N,\N,"illegally","com.ibm.coast.NegativeOpinion","illegally","145","154",\N
\N,"z1100g5w00g00000","4195",\N,\N,\N,\N,"The tragedy","com.ibm.coast.NegativeOpinion","The tragedy","422","433",\N
\N,"z1100U5w00g00000","4195",\N,\N,\N,\N,"illegal immigration from Turkey","com.ibm.coast.NegativeOpinion","illegal immigration from Turkey","468","499",\N
\N,"z1100Q6w00g00000","4195",\N,\N,\N,\N,"failing","com.ibm.coast.NegativeOpinion","failing","547","554",\N
\N,"z110087w00g00000","4195",\N,\N,\N,\N,"stop illegal immigrants","com.ibm.coast.NegativeOpinion","stop illegal immigrants","558","581",\N
\N,"z1100s7w00g00000","4195",\N,\N,\N,\N,"illegal immigrants from crossing","com.ibm.coast.NegativeOpinion","illegal immigrants from crossing","563","595",\N
\N,"z1100E9w00g00000","4195",\N,\N,\N,\N,"illegally","com.ibm.coast.NegativeOpinion","illegally","936","945",\N
\N,"z1100gaw00g00000","4195",\N,\N,\N,\N,"Thursday's tragedy","com.ibm.coast.NegativeOpinion","Thursday's tragedy","1021","1039",\N
\N,"z1100Mhw00g00000","4195",\N,\N,\N,\N,"illegal immigrants","com.ibm.coast.NegativeOpinion","illegal immigrants","2353","2371",\N
\N,"z11000jw00g00000","4195",\N,\N,\N,\N,"illegal migrants","com.ibm.coast.NegativeOpinion","illegal migrants","2464","2480",\N
\N,"z1100Ukw00g00000","4195",\N,\N,\N,\N,"combating illegal migration","com.ibm.coast.NegativeOpinion","combating illegal migration","2683","2710",\N
\N,"z1100smw00g00000","4195",\N,\N,\N,\N,"take back illegal immigrants","com.ibm.coast.NegativeOpinion","take back illegal immigrants","2877","2905",\N
\N,"z1100Mmw00g00000","4195",\N,\N,\N,\N,"back illegal immigrants from third countries","com.ibm.coast.NegativeOpinion","back illegal immigrants from third countries","2882","2926",\N
\N,"z1100Apw00g00000","4195",\N,\N,\N,\N,"illegal migration","com.ibm.coast.NegativeOpinion","illegal migration","3194","3211",\N
\N,"z1100wqw00g00000","4195",\N,\N,\N,\N,"illegal immigration into Europe","com.ibm.coast.NegativeOpinion","illegal immigration into Europe","3356","3387",\N
\N,"z11004sw00g00000","4195",\N,\N,\N,\N,"illegal migrants","com.ibm.coast.NegativeOpinion","illegal migrants","3515","3531",\N
\N,"z1100Qvw00g00000","4195",\N,\N,\N,\N,"lack","com.ibm.coast.NegativeOpinion","lack","4128","4132",\N
\N,"z1100k9w00g00000","4195",\N,\N,\N,"has been effective",\N,"com.ibm.coast.PositiveOpinion","has been effective","855","873",\N
\N,"z1100odw00g00000","4195",\N,\N,\N,"islands like Chios",\N,"com.ibm.coast.PositiveOpinion","islands like Chios","1608","1626",\N
\N,"z1100gkw00g00000","4195",\N,\N,\N,"effective instruments",\N,"com.ibm.coast.PositiveOpinion","effective instruments","2658","2679",\N
\N,"z11000tw00g00000","4195",\N,\N,\N,"the greater Athens area",\N,"com.ibm.coast.PositiveOpinion","the greater Athens area","3734","3757",\N
\N,"z1100sww00g00000","4195",\N,\N,\N,"economic opportunities",\N,"com.ibm.coast.PositiveOpinion","economic opportunities","4136","4158",\N
\N,"Ev0000yf00g00000","2024",\N,\N,\N,"officers made two outstanding seizures",\N,"com.ibm.coast.PositiveOpinion","officers made two outstanding seizures","430","468",\N
\N,"Ev000kyf00g00000","2024",\N,\N,\N,"two outstanding seizures of  hard narcotics",\N,"com.ibm.coast.PositiveOpinion","two outstanding seizures of  hard narcotics","444","487",\N
\N,"Ev0008Bf00g00000","2024",\N,\N,\N,"excellent commitment",\N,"com.ibm.coast.PositiveOpinion","excellent commitment","676","696",\N
\N,"Ev000sGf00g00000","2024",\N,\N,\N,"a more thorough inspection",\N,"com.ibm.coast.PositiveOpinion","a more thorough inspection","1578","1604",\N
\N,"Zq000oie00g00000","1725",\N,\N,\N,\N,"poor construction material","com.ibm.coast.NegativeOpinion","poor construction material","435","461",\N
\N,"Zq000gke00g00000","1725",\N,\N,\N,\N,"poor","com.ibm.coast.NegativeOpinion","poor","701","705",\N
\N,"Zq000Eoe00g00000","1725",\N,\N,\N,\N,"angry passengers","com.ibm.coast.NegativeOpinion","angry passengers","1215","1231",\N
\N,"Y:000sOs00g00000","4028",\N,\N,\N,"Secure Millions of Passengers",\N,"com.ibm.coast.PositiveOpinion","Secure Millions of Passengers","71","100",\N
\N,"Y:000gRs00g00000","4028",\N,\N,\N,"has launched a successful",\N,"com.ibm.coast.PositiveOpinion","has launched a successful","482","507",\N
\N,"Y:000ARs00g00000","4028",\N,\N,\N,"a successful go-live",\N,"com.ibm.coast.PositiveOpinion","a successful go-live","495","515",\N
\N,"Y:000oUs00g00000","4028",\N,\N,\N,"ensuring efficient operations",\N,"com.ibm.coast.PositiveOpinion","ensuring efficient operations","802","831",\N
\N,"Y:000s6t00g00000","4028",\N,\N,\N,"provide the best solution",\N,"com.ibm.coast.PositiveOpinion","provide the best solution","2634","2659",\N
\N,"Y:00047t00g00000","4028",\N,\N,\N,"our unique technology",\N,"com.ibm.coast.PositiveOpinion","our unique technology","2669","2690",\N
\N,"Y:000Ict00g00000","4028",\N,\N,\N,"act effectively",\N,"com.ibm.coast.PositiveOpinion","act effectively","3527","3542",\N
\N,"Y:000Edt00g00000","4028",\N,\N,\N,"continuous security improvements",\N,"com.ibm.coast.PositiveOpinion","continuous security improvements","3647","3679",\N
\N,"2h000gN900g00000","1090",\N,\N,\N,\N,"assisted the distressed boaters","com.ibm.coast.NegativeOpinion","assisted the distressed boaters","660","691",\N
\N,"JP0000rq00g00000","3309",\N,\N,\N,\N,"who document animal abuse","com.ibm.coast.NegativeOpinion","who document animal abuse","991","1016",\N
\N,"JP000Erq00g00000","3309",\N,\N,\N,\N,"abuse at labs","com.ibm.coast.NegativeOpinion","abuse at labs","1011","1024",\N
\N,"JP000ctq00g00000","3309",\N,\N,\N,\N,"bring shame","com.ibm.coast.NegativeOpinion","bring shame","1455","1466",\N
\N,"JP000wtq00g00000","3309",\N,\N,\N,\N,"shame to our government","com.ibm.coast.NegativeOpinion","shame to our government","1461","1484",\N
\N,"JP000Muq00g00000","3309",\N,\N,\N,\N,"censor embarrassing details","com.ibm.coast.NegativeOpinion","censor embarrassing details","1640","1667",\N
\N,"JP000ovq00g00000","3309",\N,\N,\N,\N,"how much public fear","com.ibm.coast.NegativeOpinion","how much public fear","1745","1765",\N
\N,"JP000IAq00g00000","3309",\N,\N,\N,\N,"dirty bombers","com.ibm.coast.NegativeOpinion","dirty bombers","2487","2500",\N
\N,"JP000gCq00g00000","3309",\N,\N,\N,\N,"manufactured anxiety","com.ibm.coast.NegativeOpinion","manufactured anxiety","2767","2787",\N
\N,"JP0000mq00g00000","3309",\N,\N,\N,"is proving quite useful",\N,"com.ibm.coast.PositiveOpinion","is proving quite useful","202","225",\N
\N,"JP000Emq00g00000","3309",\N,\N,\N,"could be more convenient",\N,"com.ibm.coast.PositiveOpinion","could be more convenient","304","328",\N
\N,"JP000woq00g00000","3309",\N,\N,\N,"make a particularly appealing target",\N,"com.ibm.coast.PositiveOpinion","make a particularly appealing target","555","591",\N
\N,"JP000spq00g00000","3309",\N,\N,\N,"seems reasonable enough",\N,"com.ibm.coast.PositiveOpinion","seems reasonable enough","693","716",\N
\N,"JP000Mpq00g00000","3309",\N,\N,\N,"a pretty clever game",\N,"com.ibm.coast.PositiveOpinion","a pretty clever game","760","780",\N
\N,"JP000QDq00g00000","3309",\N,\N,\N,"looks like",\N,"com.ibm.coast.PositiveOpinion","looks like","3140","3150",\N
\N,"0L000MVo00g00000","3008",\N,\N,\N,\N,"fail","com.ibm.coast.NegativeOpinion","fail","52","56",\N
\N,"0L000kXo00g00000","3008",\N,\N,\N,\N,"failed","com.ibm.coast.NegativeOpinion","failed","320","326",\N
\N,"0L000s3p00g00000","3008",\N,\N,\N,\N,"too","com.ibm.coast.NegativeOpinion","too","2523","2526",\N
\N,"0L000A1p00g00000","3008",\N,\N,\N,"not damaged",\N,"com.ibm.coast.PositiveOpinion","not damaged","1975","1986",\N
\N,"0L000I4p00g00000","3008",\N,\N,\N,"acts like flypaper",\N,"com.ibm.coast.PositiveOpinion","acts like flypaper","2784","2802",\N
\N,"0L00005p00g00000","3008",\N,\N,\N,"like flypaper for planes",\N,"com.ibm.coast.PositiveOpinion","like flypaper for planes","2789","2813",\N
\N,"XA000cIj00g00000","2363",\N,\N,\N,\N,"plead guilty","com.ibm.coast.NegativeOpinion","plead guilty","385","397",\N
\N,"XA000kLj00g00000","2363",\N,\N,\N,\N,"said a guilty plea","com.ibm.coast.NegativeOpinion","said a guilty plea","759","777",\N
\N,"XA000ELj00g00000","2363",\N,\N,\N,\N,"a guilty plea by his client","com.ibm.coast.NegativeOpinion","a guilty plea by his client","764","791",\N
\N,"XA0004Pj00g00000","2363",\N,\N,\N,\N,"pleaded guilty","com.ibm.coast.NegativeOpinion","pleaded guilty","1326","1340",\N
\N,"XA000ARj00g00000","2363",\N,\N,\N,\N,"were actually fake","com.ibm.coast.NegativeOpinion","were actually fake","1765","1783",\N
\N,"XA000MTj00g00000","2363",\N,\N,\N,\N,"failed","com.ibm.coast.NegativeOpinion","failed","2125","2131",\N
\N,"XA000AMj00g00000","2363",\N,\N,\N,"has a great deal",\N,"com.ibm.coast.PositiveOpinion","has a great deal","951","967",\N
\N,"XA000UMj00g00000","2363",\N,\N,\N,"a great deal of discretion",\N,"com.ibm.coast.PositiveOpinion","a great deal of discretion","955","981",\N
\N,"Zj000E2a00g00000","1277",\N,\N,\N,\N,"fear","com.ibm.coast.NegativeOpinion","fear","168","172",\N
\N,"Zj000Q4a00g00000","1277",\N,\N,\N,\N,"harass American citizens","com.ibm.coast.NegativeOpinion","harass American citizens","418","442",\N
\N,"Zj00007a00g00000","1277",\N,\N,\N,\N,"infamously","com.ibm.coast.NegativeOpinion","infamously","937","947",\N
\N,"ay000EJh00g00000","2186",\N,\N,\N,\N,"Worse","com.ibm.coast.NegativeOpinion","Worse","277","282",\N
\N,"ay000YJh00g00000","2186",\N,\N,\N,\N,"it spread panic","com.ibm.coast.NegativeOpinion","it spread panic","319","334",\N
\N,"ay000gKh00g00000","2186",\N,\N,\N,\N,"fear among fellow passengers","com.ibm.coast.NegativeOpinion","fear among fellow passengers","339","367",\N
\N,"ay000MMh00g00000","2186",\N,\N,\N,\N,"scared the monkey","com.ibm.coast.NegativeOpinion","scared the monkey","786","803",\N
\N,"ay0000Th00g00000","2186",\N,\N,\N,\N,"got badly","com.ibm.coast.NegativeOpinion","got badly","2166","2175",\N
\N,"ay000kTh00g00000","2186",\N,\N,\N,\N,"damaged","com.ibm.coast.NegativeOpinion","damaged","2176","2183",\N
\N,"yk000Ajb00g00000","1314",\N,\N,\N,\N,"a broken pipe","com.ibm.coast.NegativeOpinion","a broken pipe","56","69",\N
\N,"yk000Uob00g00000","1314",\N,\N,\N,\N,"travel horror stories","com.ibm.coast.NegativeOpinion","travel horror stories","1093","1114",\N
\N,"yk000cpb00g00000","1314",\N,\N,\N,\N,"worst","com.ibm.coast.NegativeOpinion","worst","1151","1156",\N
\N,"Sk000AI900g00000","1334",\N,\N,\N,\N,"illegal infiltration of Bangladeshis","com.ibm.coast.NegativeOpinion","illegal infiltration of Bangladeshis","11","47",\N
\N,"Sk000QJ900g00000","1334",\N,\N,\N,\N,"illegal infiltration of Bangladeshi nationals","com.ibm.coast.NegativeOpinion","illegal infiltration of Bangladeshi nationals","139","184",\N
\N,"Sk000IL900g00000","1334",\N,\N,\N,\N,"these illegal infiltrators","com.ibm.coast.NegativeOpinion","these illegal infiltrators","354","380",\N
\N,"Sk000EM900g00000","1334",\N,\N,\N,\N,"difficult terrain","com.ibm.coast.NegativeOpinion","difficult terrain","455","472",\N
\N,"Sk000gN900g00000","1334",\N,\N,\N,\N,"this illegal migrants","com.ibm.coast.NegativeOpinion","this illegal migrants","600","621",\N
\N,"Sk000QO900g00000","1334",\N,\N,\N,\N,"being threatened","com.ibm.coast.NegativeOpinion","being threatened","768","784",\N
\N,"Sk0004Q900g00000","1334",\N,\N,\N,\N,"control the illegal infiltration","com.ibm.coast.NegativeOpinion","control the illegal infiltration","1073","1105",\N
\N,"Sk000kR900g00000","1334",\N,\N,\N,"modern equipment",\N,"com.ibm.coast.PositiveOpinion","modern equipment","1205","1221",\N
\N,"OG000gRq00g00000","2738",\N,\N,\N,\N,"too","com.ibm.coast.NegativeOpinion","too","1892","1895",\N
\N,"OG000kQq00g00000","2738",\N,\N,\N,"she enjoys her time",\N,"com.ibm.coast.PositiveOpinion","she enjoys her time","1645","1664",\N
\N,"OG000YQq00g00000","2738",\N,\N,\N,"I enjoy the adventure",\N,"com.ibm.coast.PositiveOpinion","I enjoy the adventure","1751","1773",\N
\N,"OG000ARq00g00000","2738",\N,\N,\N,"keeps her excited",\N,"com.ibm.coast.PositiveOpinion","keeps her excited","2124","2141",\N
\N,"OG000URq00g00000","2738",\N,\N,\N,"enjoy cooking",\N,"com.ibm.coast.PositiveOpinion","enjoy cooking","2166","2179",\N
\N,"OG000cSq00g00000","2738",\N,\N,\N,"I enjoy being able",\N,"com.ibm.coast.PositiveOpinion","I enjoy being able","2211","2230",\N
\N,"OG000wSq00g00000","2738",\N,\N,\N,"happy",\N,"com.ibm.coast.PositiveOpinion","happy","2246","2251",\N
\N,"lq000cOc00g00000","1685",\N,\N,\N,\N,"complaint","com.ibm.coast.NegativeOpinion","complaint","903","912",\N
\N,"lq000QOc00g00000","1685",\N,\N,\N,\N,"criminal activity","com.ibm.coast.NegativeOpinion","criminal activity","959","976",\N
\N,"lq000sPc00g00000","1685",\N,\N,\N,"competent evidence",\N,"com.ibm.coast.PositiveOpinion","competent evidence","1066","1084",\N
\N,"lq000MPc00g00000","1685",\N,\N,\N,"a reasonable doubt",\N,"com.ibm.coast.PositiveOpinion","a reasonable doubt","1138","1156",\N
\N,"Ta000cI500g00000","695",\N,\N,\N,\N,"complained","com.ibm.coast.NegativeOpinion","complained","341","351",\N
\N,"Ta000wI500g00000","695",\N,\N,\N,\N,"that minorities are unfairly","com.ibm.coast.NegativeOpinion","that minorities are unfairly","365","393",\N
\N,"T;100Ye110g00000","8183",\N,\N,\N,\N,"direct financial losses","com.ibm.coast.NegativeOpinion","direct financial losses","3089","3112",\N
\N,"T;100ko110g00000","8183",\N,\N,\N,\N,"inflict harm","com.ibm.coast.NegativeOpinion","inflict harm","4699","4711",\N
\N,"T;100Eo110g00000","8183",\N,\N,\N,\N,"harm on others","com.ibm.coast.NegativeOpinion","harm on others","4707","4721",\N
\N,"T;1008w110g00000","8183",\N,\N,\N,\N,"have threatened","com.ibm.coast.NegativeOpinion","have threatened","5891","5906",\N
\N,"T;1004H110g00000","8183",\N,\N,\N,\N,"Offensive Tactics Against Critical Infrastructure","com.ibm.coast.NegativeOpinion","Offensive Tactics Against Critical Infrastructure","7772","7821",\N
\N,"T;100s7110g00000","8183",\N,\N,\N,"12 million unique IDs",\N,"com.ibm.coast.PositiveOpinion","12 million unique IDs","810","831",\N
\N,"T;100M7110g00000","8183",\N,\N,\N,"million unique IDs for Apple",\N,"com.ibm.coast.PositiveOpinion","million unique IDs for Apple","813","841",\N
\N,"T;100Ua110g00000","8183",\N,\N,\N,"they're authentic",\N,"com.ibm.coast.PositiveOpinion","they're authentic","1704","1721",\N
\N,"T;100wb110g00000","8183",\N,\N,\N,"little damage",\N,"com.ibm.coast.PositiveOpinion","little damage","1858","1871",\N
\N,"T;100cl110g00000","8183",\N,\N,\N,"500 unique pitches",\N,"com.ibm.coast.PositiveOpinion","500 unique pitches","4326","4344",\N
